{
  "version": 1,
  "author": "leonfagan71",
  "editor": "leonfagan71",
  "parts": [
    { "type": "wokwi-arduino-mega", "id": "mega", "top": 0, "left": 0, "attrs": {} },
    {
      "type": "wokwi-led",
      "id": "PIN_P0_R",
      "top": -221.88,
      "left": 170.87,
      "attrs": { "color": "red" }
    },
    {
      "type": "wokwi-led",
      "id": "PIN_P0_A",
      "top": -221.6,
      "left": 195.8,
      "attrs": { "color": "orange" }
    },
    {
      "type": "wokwi-led",
      "id": "PIN_P0_G",
      "top": -221.93,
      "left": 220.47,
      "attrs": { "color": "green" }
    },
    {
      "type": "wokwi-led",
      "id": "PIN_P1_R",
      "top": -221.88,
      "left": 270.87,
      "attrs": { "color": "red" }
    },
    {
      "type": "wokwi-led",
      "id": "PIN_P1_A",
      "top": -221.27,
      "left": 300.47,
      "attrs": { "color": "orange" }
    },
    {
      "type": "wokwi-led",
      "id": "PIN_P1_G",
      "top": -221.93,
      "left": 330.47,
      "attrs": { "color": "green" }
    },
    {
      "type": "wokwi-led",
      "id": "PIN_P2_R",
      "top": -221.88,
      "left": 370.87,
      "attrs": { "color": "red" }
    },
    {
      "type": "wokwi-led",
      "id": "PIN_P2_A",
      "top": -221.27,
      "left": 400.47,
      "attrs": { "color": "orange" }
    },
    {
      "type": "wokwi-led",
      "id": "PIN_P2_G",
      "top": -221.93,
      "left": 430.47,
      "attrs": { "color": "green" }
    },
    {
      "type": "wokwi-led",
      "id": "PIN_P3_R",
      "top": -221.88,
      "left": 470.87,
      "attrs": { "color": "red" }
    },
    {
      "type": "wokwi-led",
      "id": "PIN_P3_A",
      "top": -221.27,
      "left": 500.47,
      "attrs": { "color": "orange" }
    },
    {
      "type": "wokwi-led",
      "id": "PIN_P3_G",
      "top": -221.93,
      "left": 530.47,
      "attrs": { "color": "green" }
    },
    {
      "type": "wokwi-tm1637-7segment",
      "id": "sevseg1",
      "top": -220.84,
      "left": -136.97,
      "attrs": { "color": "red" }
    },
    {
      "type": "wokwi-gate-not",
      "id": "not1",
      "top": -142.62,
      "left": 150.18,
      "rotate": 270,
      "attrs": {}
    },
    {
      "type": "wokwi-gate-not",
      "id": "not2",
      "top": -142.62,
      "left": 173.5,
      "rotate": 270,
      "attrs": {}
    },
    {
      "type": "wokwi-gate-not",
      "id": "not3",
      "top": -142.62,
      "left": 199.56,
      "rotate": 270,
      "attrs": {}
    }
  ],
  "connections": [
    [ "mega:GND.1", "PIN_P0_R:C", "black", [ "v-50.77", "h42.87" ] ],
    [ "mega:GND.1", "PIN_P0_A:C", "black", [ "v-50.77", "h91.12" ] ],
    [ "mega:GND.1", "PIN_P0_G:C", "black", [ "v-51.43", "h42.87" ] ],
    [ "mega:GND.1", "PIN_P1_R:C", "black", [ "v-50.77", "h42.87" ] ],
    [ "mega:GND.1", "PIN_P1_A:C", "black", [ "v-50.77", "h91.12" ] ],
    [ "mega:GND.1", "PIN_P1_G:C", "black", [ "v-51.43", "h42.87" ] ],
    [ "mega:GND.1", "PIN_P2_R:C", "black", [ "v-50.77", "h42.87" ] ],
    [ "mega:GND.1", "PIN_P2_A:C", "black", [ "v-50.77", "h91.12" ] ],
    [ "mega:GND.1", "PIN_P2_G:C", "black", [ "v-51.43", "h42.87" ] ],
    [ "mega:GND.1", "PIN_P3_R:C", "black", [ "v-50.77", "h42.87" ] ],
    [ "mega:GND.1", "PIN_P3_A:C", "black", [ "v-50.77", "h91.12" ] ],
    [ "mega:GND.1", "PIN_P3_G:C", "black", [ "v-51.43", "h42.87" ] ],
    [ "not1:IN", "mega:22", "red", [ "v56.39", "h150.88", "v30.99" ] ],
    [ "not2:IN", "mega:23", "gold", [ "v56.13", "h128.68", "v38.7", "h20.85" ] ],
    [ "not3:IN", "mega:24", "green", [ "v56.14", "h107.65", "v48.04" ] ],
    [ "PIN_P1_R:A", "mega:25", "red", [ "v148.11", "h80.57", "v53.02" ] ],
    [ "PIN_P1_A:A", "mega:26", "gold", [ "v145.84", "h54.13", "v64.16", "h-18.6" ] ],
    [ "PIN_P1_G:A", "mega:27", "green", [ "v144.16", "h27.65", "v70.52" ] ],
    [ "PIN_P2_R:A", "mega:28", "red", [ "v131.11", "h-10.08", "v35.34", "h-24.79" ] ],
    [ "PIN_P2_A:A", "mega:29", "gold", [ "v135.5", "h-36.35", "v38.02" ] ],
    [ "PIN_P2_G:A", "mega:30", "green", [ "v138.16", "h-63.02", "v39.34", "h-32.45" ] ],
    [ "PIN_P3_R:A", "mega:31", "red", [ "v145.78", "h-96.75", "v42.67", "h-28.12" ] ],
    [ "PIN_P3_A:A", "mega:32", "gold", [ "v148.17", "h-122.35", "v92.3", "h-42.12" ] ],
    [
      "PIN_P3_G:A",
      "mega:33",
      "green",
      [ "v66.5", "h-0.35", "v84.79", "h-148", "v-3.46", "h-0.86", "v103.59", "h-35.26" ]
    ],
    [ "sevseg1:GND", "mega:GND.1", "black", [ "h0" ] ],
    [ "sevseg1:VCC", "mega:5V.1", "cyan", [ "h85.39", "v174.37", "h237.21" ] ],
    [ "sevseg1:DIO", "mega:4", "violet", [ "h89.39", "v179.97", "h91.21" ] ],
    [ "sevseg1:CLK", "mega:3", "white", [ "h94.05", "v186.23", "h96.05" ] ],
    [ "not1:OUT", "PIN_P0_R:A", "green", [ "h0" ] ],
    [ "PIN_P0_A:A", "not2:OUT", "green", [ "v0" ] ],
    [ "not3:OUT", "PIN_P0_G:A", "green", [ "h0" ] ]
  ],
  "serialMonitor": { "display": "always", "newline": "lf" },
  "dependencies": {}
}